Name,Percentage,Score,Duration,column_5,result_link
Bluebook Mini Verbal Test 1Attempts allowed: 1,100%,10 / 10,00:06:32,Results,https://www.classmarker.com/test/results/?test_id=2283675
Bluebook Mini Verbal Test 10Attempts allowed: 1,70%,7 / 10,00:09:10,Results,https://www.classmarker.com/test/results/?test_id=2284802
Bluebook Mini Verbal Test 11Attempts allowed: 1,40%,4 / 10,00:09:32,Results,https://www.classmarker.com/test/results/?test_id=2284806
Bluebook Practice 6 Extra VerbalAttempts allowed: 1,100%,27 / 27,00:26:01,Results,https://www.classmarker.com/test/results/?test_id=2246961
Bluebook Practice 8 Extra MathAttempts allowed: 1,100%,22 / 22,00:08:33,Results,https://www.classmarker.com/test/results/?test_id=2311191
Bluebook PSAT 89 Practice 1 Extra MathAttempts allowed: 1,90.9%,20 / 22,00:10:00,Results,https://www.classmarker.com/test/results/?test_id=2244114
Bluebook PSAT 89 Practice 1 Extra VerbalAttempts allowed: 1,92.6%,25 / 27,00:31:13,Results,https://www.classmarker.com/test/results/?test_id=2244115
Digital SAT - Math Mock Test 1Attempts allowed: 1,100%,22 / 22,00:17:28,Results,https://www.classmarker.com/test/results/?test_id=2054394
Digital SAT - Math Mock Test 12Attempts allowed: 1,100%,22 / 22,00:18:31,Results,https://www.classmarker.com/test/results/?test_id=2055420
Digital SAT - Math Mock Test 15Attempts allowed: 1,90.9%,20 / 22,00:19:29,Results,https://www.classmarker.com/test/results/?test_id=2055447
Digital SAT - Math Mock Test 19Attempts allowed: 1,95.5%,21 / 22,00:16:32,Results,https://www.classmarker.com/test/results/?test_id=2055873
Digital SAT - Math Mock Test 2Attempts allowed: 1,95.5%,21 / 22,00:12:50,Results,https://www.classmarker.com/test/results/?test_id=2054438
Digital SAT - Math Mock Test 23Attempts allowed: 1,100%,22 / 22,00:18:57,Results,https://www.classmarker.com/test/results/?test_id=2057239
Digital SAT - Math Mock Test 25Attempts allowed: 1,100%,22 / 22,00:17:18,Results,https://www.classmarker.com/test/results/?test_id=2057317
Digital SAT - Math Mock Test 27Attempts allowed: 1,95.5%,21 / 22,00:20:00,Results,https://www.classmarker.com/test/results/?test_id=2057796
Digital SAT - Math Mock Test 51Attempts allowed: 1,86.4%,19 / 22,00:19:59,Results,https://www.classmarker.com/test/results/?test_id=2075585
Digital SAT - Math Mock Test 52Attempts allowed: 1,95.5%,21 / 22,00:16:45,Results,https://www.classmarker.com/test/results/?test_id=2075587
Digital SAT - Math Mock Test 55Attempts allowed: 1,100%,22 / 22,00:18:07,Results,https://www.classmarker.com/test/results/?test_id=2075743
Digital SAT - Math Mock Test 56Attempts allowed: 1,100%,22 / 22,00:16:13,Results,https://www.classmarker.com/test/results/?test_id=2075747
Digital SAT - Math Mock Test 6Attempts allowed: 1,95.5%,21 / 22,00:19:00,Results,https://www.classmarker.com/test/results/?test_id=2054923
Digital SAT - Math Mock Test 7Attempts allowed: 1,100%,22 / 22,00:17:10,Results,https://www.classmarker.com/test/results/?test_id=2054929
Digital SAT - Math Mock Test 72Attempts allowed: 1,100%,22 / 22,00:16:56,Results,https://www.classmarker.com/test/results/?test_id=2102724
Digital SAT - Math Mock Test 73Attempts allowed: 1,100%,22 / 22,00:20:00,Results,https://www.classmarker.com/test/results/?test_id=2102733
Digital SAT - Math Mock Test 74Attempts allowed: 1,95.5%,21 / 22,00:14:22,Results,https://www.classmarker.com/test/results/?test_id=2102743
Digital SAT - Math Mock Test 75Attempts allowed: 1,100%,22 / 22,00:11:50,Results,https://www.classmarker.com/test/results/?test_id=2102925
Digital SAT - Math Mock Test 78Attempts allowed: 1,100%,22 / 22,00:11:46,Results,https://www.classmarker.com/test/results/?test_id=2103522
Digital SAT - Math Mock Test 80Attempts allowed: 1,95.5%,21 / 22,00:16:31,Results,https://www.classmarker.com/test/results/?test_id=2103821
Digital SAT - Math Supreme Test 11Attempts allowed: 1,81.8%,18 / 22,00:35:00,Results,https://www.classmarker.com/test/results/?test_id=2091765
Digital SAT - Math Supreme Test 15Attempts allowed: 1,90.9%,20 / 22,00:35:00,Results,https://www.classmarker.com/test/results/?test_id=2105480
Digital SAT - Math Supreme Test 22Attempts allowed: 1,95.5%,21 / 22,00:33:50,Results,https://www.classmarker.com/test/results/?test_id=2106810
Digital SAT - Math Supreme Test 24Attempts allowed: 1,81.8%,18 / 22,00:34:58,Results,https://www.classmarker.com/test/results/?test_id=2106814
Digital SAT - Math Supreme Test 39Attempts allowed: 1,77.3%,17 / 22,00:35:00,Results,https://www.classmarker.com/test/results/?test_id=2133937
Digital SAT - Math Supreme Test 43Attempts allowed: 1,45.5%,10 / 22,00:35:00,Results,https://www.classmarker.com/test/results/?test_id=2137644
Final Math Summer Exam Module 1Attempts allowed: 1,90.9%,20 / 22,00:31:13,Results,https://www.classmarker.com/test/results/?test_id=2482489
Final Math Summer Exam Module 2Attempts allowed: 1,81.8%,18 / 22,00:33:12,Results,https://www.classmarker.com/test/results/?test_id=2482494
Final Mock Test 16 Verbal Module 1Attempts allowed: 1,85.2%,23 / 27,00:30:23,Results,https://www.classmarker.com/test/results/?test_id=2256867
Final Mock Test 16 Verbal Module 2Attempts allowed: 1,77.8%,21 / 27,00:32:00,Results,https://www.classmarker.com/test/results/?test_id=2259088
Final Mock Test 20 Math Module 1Attempts allowed: 1,90.9%,20 / 22,00:19:51,Results,https://www.classmarker.com/test/results/?test_id=2274843
Final Mock Test 20 Math Module 2Attempts allowed: 1,90.9%,20 / 22,00:33:26,Results,https://www.classmarker.com/test/results/?test_id=2275831
Final Mock Test 20 Verbal Module 1Attempts allowed: 1,100%,27 / 27,00:32:00,Results,https://www.classmarker.com/test/results/?test_id=2275825
Final Mock Test 28 Math Module 1Attempts allowed: 1,100%,19 / 19,00:13:05,Results,https://www.classmarker.com/test/results/?test_id=2322605
Final Mock Test 28 Math Module 2Attempts allowed: 1,95.5%,21 / 22,00:33:38,Results,https://www.classmarker.com/test/results/?test_id=2322635
Final Mock Test 28 Verbal Module 1Attempts allowed: 1,92.6%,25 / 27,00:29:53,Results,https://www.classmarker.com/test/results/?test_id=2322985
Final Mock Test 29 Math Module 1Attempts allowed: 1,100%,22 / 22,00:15:38,Results,https://www.classmarker.com/test/results/?test_id=2335292
Final Mock Test 29 Math Module 2Attempts allowed: 1,95.5%,21 / 22,00:31:21,Results,https://www.classmarker.com/test/results/?test_id=2335294
Final Mock Test 29 Verbal Module 1Attempts allowed: 1,100%,27 / 27,00:30:05,Results,https://www.classmarker.com/test/results/?test_id=2336654
Final Mock Test 29 Verbal Module 2Attempts allowed: 1,77.8%,21 / 27,00:31:59,Results,https://www.classmarker.com/test/results/?test_id=2340104
Final Mock Test 3 Verbal Module 2Attempts allowed: 1,63%,17 / 27,00:32:00,Results,https://www.classmarker.com/test/results/?test_id=2156402
Final Mock Test 38 Verbal Module 1Attempts allowed: 1,92.6%,25 / 27,00:27:06,Results,https://www.classmarker.com/test/results/?test_id=2349958
Final Mock Test 39 Verbal Module 1Attempts allowed: 1,92.6%,25 / 27,00:28:03,Results,https://www.classmarker.com/test/results/?test_id=2367869
Final Mock Test 39 Verbal Module 2Attempts allowed: 1,77.8%,21 / 27,00:32:00,Results,https://www.classmarker.com/test/results/?test_id=2367870
Final Mock Test 4 Verbal Module 2Attempts allowed: 1,88.5%,23 / 26,00:25:03,Results,https://www.classmarker.com/test/results/?test_id=2186514
Final Mock Test 43 Verbal Module 1Attempts allowed: 1,92.6%,25 / 27,00:30:51,Results,https://www.classmarker.com/test/results/?test_id=2369450
Final Mock Test 43 Verbal Module 2Attempts allowed: 1,77.8%,21 / 27,00:32:00,Results,https://www.classmarker.com/test/results/?test_id=2370546
Final Mock Test 44 Verbal Module 2Attempts allowed: 1,66.7%,18 / 27,00:32:00,Results,https://www.classmarker.com/test/results/?test_id=2410168
Final Mock Test 45 Verbal Module 1Attempts allowed: 1,92.6%,25 / 27,00:32:00,Results,https://www.classmarker.com/test/results/?test_id=2419236
Final Mock Test 47 Math Module 1Attempts allowed: 1,100%,22 / 22,00:16:25,Results,https://www.classmarker.com/test/results/?test_id=2421071
Final Mock Test 47 Math Module 2Attempts allowed: 1,90.9%,20 / 22,00:27:41,Results,https://www.classmarker.com/test/results/?test_id=2421090
Final Mock Test 47 Verbal Module 1Attempts allowed: 1,92.6%,25 / 27,00:30:00,Results,https://www.classmarker.com/test/results/?test_id=2420637
Final Mock Test 47 Verbal Module 2Attempts allowed: 1,74.1%,20 / 27,00:32:00,Results,https://www.classmarker.com/test/results/?test_id=2420704
Final Mock Test 49 Math Module 1Attempts allowed: 1,100%,22 / 22,00:14:46,Results,https://www.classmarker.com/test/results/?test_id=2474226
Final Mock Test 49 Math Module 2Attempts allowed: 1,95.5%,21 / 22,00:28:05,Results,https://www.classmarker.com/test/results/?test_id=2474227
Final Mock Test 49 Verbal Module 1Attempts allowed: 1,96.3%,26 / 27,00:28:28,Results,https://www.classmarker.com/test/results/?test_id=2474242
Final Mock Test 49 Verbal Module 2Attempts allowed: 1,88.9%,24 / 27,00:32:00,Results,https://www.classmarker.com/test/results/?test_id=2474245
Final Mock Test 5 Math Module 1Attempts allowed: 1,100%,21 / 21,00:27:55,Results,https://www.classmarker.com/test/results/?test_id=2189099
Final Mock Test 5 Math Module 2Attempts allowed: 1,81.8%,18 / 22,00:35:00,Results,https://www.classmarker.com/test/results/?test_id=2189128
Final Mock Test 50 Math Module 1Attempts allowed: 1,86.4%,19 / 22,00:13:08,Results,https://www.classmarker.com/test/results/?test_id=2474779
Final Mock Test 50 Math Module 2Attempts allowed: 1,95.5%,21 / 22,00:31:58,Results,https://www.classmarker.com/test/results/?test_id=2474780
Final Mock Test 51 Math Module 1Attempts allowed: 1,100%,22 / 22,00:15:28,Results,https://www.classmarker.com/test/results/?test_id=2474784
Final Mock Test 51 Math Module 2Attempts allowed: 1,100%,22 / 22,00:29:08,Results,https://www.classmarker.com/test/results/?test_id=2474785
Final Mock Test 52 Math Module 1Attempts allowed: 1,100%,22 / 22,00:10:43,Results,https://www.classmarker.com/test/results/?test_id=2475128
Final Mock Test 52 Math Module 2Attempts allowed: 1,100%,22 / 22,00:24:34,Results,https://www.classmarker.com/test/results/?test_id=2475129
Final Mock Test 53 Math Module 1Attempts allowed: 1,90.9%,20 / 22,00:27:44,Results,https://www.classmarker.com/test/results/?test_id=2476408
Final Mock Test 53 Math Module 2Attempts allowed: 1,95.5%,21 / 22,00:28:05,Results,https://www.classmarker.com/test/results/?test_id=2476475
Final Mock Test 8 Verbal Module 1Attempts allowed: 1,92.6%,25 / 27,00:28:58,Results,https://www.classmarker.com/test/results/?test_id=2211207
Final Mock Test 9 Verbal Module 1Attempts allowed: 1,96.3%,26 / 27,00:25:00,Results,https://www.classmarker.com/test/results/?test_id=2217995
Final Mock Test 9 Verbal Module 2Attempts allowed: 1,77.8%,21 / 27,00:32:00,Results,https://www.classmarker.com/test/results/?test_id=2217996
Lexicon Checkpoint 1Attempts allowed: 1,80%,12 / 15,00:07:37,Results,https://www.classmarker.com/test/results/?test_id=2460236
Lexicon Checkpoint 2Attempts allowed: 1,93.3%,14 / 15,00:09:52,Results,https://www.classmarker.com/test/results/?test_id=2460915
Lexicon Checkpoint 3Attempts allowed: 1,73.3%,11 / 15,00:07:45,Results,https://www.classmarker.com/test/results/?test_id=2462106
Logical Transition Practice 1Attempts allowed: 1,100%,30 / 30,00:23:35,Results,https://www.classmarker.com/test/results/?test_id=2462830
Long Reading - Amsden has divided NavajoAttempts allowed: 1,62.5%,5 / 8,00:16:09,Results,https://www.classmarker.com/test/results/?test_id=2269704
Long Reading - Historians generally agree thatAttempts allowed: 1,85.7%,6 / 7,00:00:46,Results,https://www.classmarker.com/test/results/?test_id=2269691
Long Reading - In recent years the early music movement whichAttempts allowed: 1,75%,6 / 8,00:01:43,Results,https://www.classmarker.com/test/results/?test_id=2278545
Long Reading - Nico Frijda writes that emotions are governedAttempts allowed: 1,85.7%,6 / 7,00:00:58,Results,https://www.classmarker.com/test/results/?test_id=2278076
Long Reading - One type of violation of theAttempts allowed: 1,20%,1 / 5,00:00:22,Results,https://www.classmarker.com/test/results/?test_id=2269701
Long Reading - A conventional view of nineteenth-centuryAttempts allowed: 1,71.4%,5 / 7,00:01:41,Results,https://www.classmarker.com/test/results/?test_id=2278587
Long Reading - After thirty years of investigation into cellAttempts allowed: 1,66.7%,4 / 6,00:00:27,Results,https://www.classmarker.com/test/results/?test_id=2278584
Long Reading - Anthropologist David Mandelbaum makes aAttempts allowed: 1,100%,6 / 6,00:00:25,Results,https://www.classmarker.com/test/results/?test_id=2278079
Long Reading - Any study of autobiographical narratives thatAttempts allowed: 1,85.7%,6 / 7,00:00:37,Results,https://www.classmarker.com/test/results/?test_id=2278586
Long Reading - Critics have long been puzzledAttempts allowed: 1,71.4%,5 / 7,00:10:55,Results,https://www.classmarker.com/test/results/?test_id=2268857
Long Reading - For the poet Phillis WheatleyAttempts allowed: 1,50%,4 / 8,00:00:32,Results,https://www.classmarker.com/test/results/?test_id=2269749
Long Reading - Gray marketing the selling of trademarkedAttempts allowed: 1,71.4%,5 / 7,00:01:32,Results,https://www.classmarker.com/test/results/?test_id=2278585
Long Reading - Historian Philippe Aries claimedAttempts allowed: 1,87.5%,7 / 8,00:00:44,Results,https://www.classmarker.com/test/results/?test_id=2242243
Long Reading - Historians attempting to explainAttempts allowed: 1,87.5%,7 / 8,00:02:02,Results,https://www.classmarker.com/test/results/?test_id=2269700
Long Reading - In 1887 the Dawes Act legislatedAttempts allowed: 1,100%,7 / 7,00:14:23,Results,https://www.classmarker.com/test/results/?test_id=2280788
Long Reading - In the late nineteenth century the need forAttempts allowed: 1,33.3%,2 / 6,00:00:30,Results,https://www.classmarker.com/test/results/?test_id=2278543
Long Reading - Increase in the amount of carbonAttempts allowed: 1,66.7%,4 / 6,00:01:18,Results,https://www.classmarker.com/test/results/?test_id=2242244
Long Reading - One scientific discipline duringAttempts allowed: 1,87.5%,7 / 8,00:02:39,Results,https://www.classmarker.com/test/results/?test_id=2269752
Long Reading - Outside the medical professionAttempts allowed: 1,57.1%,4 / 7,00:00:30,Results,https://www.classmarker.com/test/results/?test_id=2269755
Long Reading - There are two major systemsAttempts allowed: 1,80%,4 / 5,00:00:25,Results,https://www.classmarker.com/test/results/?test_id=2269757
Long Reading - Women’s participation in the revolutionaryAttempts allowed: 1,100%,7 / 7,00:00:35,Results,https://www.classmarker.com/test/results/?test_id=2274025
Math Checkpoint 01Attempts allowed: 1,93.3%,14 / 15,00:19:19,Results,https://www.classmarker.com/test/results/?test_id=2138320
Math Checkpoint 02Attempts allowed: 1,100%,17 / 17,00:24:21,Results,https://www.classmarker.com/test/results/?test_id=2141061
Math Checkpoint 03Attempts allowed: 1,100%,6 / 6,00:06:00,Results,https://www.classmarker.com/test/results/?test_id=1911746
Math Checkpoint 04Attempts allowed: 1,85.7%,12 / 14,00:18:00,Results,https://www.classmarker.com/test/results/?test_id=2090325
Math Checkpoint 05Attempts allowed: 1,81.8%,18 / 22,00:31:10,Results,https://www.classmarker.com/test/results/?test_id=2416251
Math Checkpoint 06Attempts allowed: 1,95.5%,21 / 22,00:21:29,Results,https://www.classmarker.com/test/results/?test_id=2418543
Math Checkpoint 07Attempts allowed: 1,81.8%,18 / 22,00:35:00,Results,https://www.classmarker.com/test/results/?test_id=2421408
Math Checkpoint 08Attempts allowed: 1,100%,22 / 22,00:35:00,Results,https://www.classmarker.com/test/results/?test_id=2427343
Math Checkpoint 09Attempts allowed: 1,86.4%,19 / 22,00:35:00,Results,https://www.classmarker.com/test/results/?test_id=2428517
Math Checkpoint 10Attempts allowed: 1,81.8%,18 / 22,00:35:00,Results,https://www.classmarker.com/test/results/?test_id=2430547
Math Checkpoint 11Attempts allowed: 1,90.9%,20 / 22,00:30:00,Results,https://www.classmarker.com/test/results/?test_id=2432739
Math Checkpoint 12Attempts allowed: 1,86.4%,19 / 22,00:35:00,Results,https://www.classmarker.com/test/results/?test_id=2437697
Math Extra Homework 01: PercentAttempts allowed: 1,97.1%,34 / 35,00:25:16,Results,https://www.classmarker.com/test/results/?test_id=2418593
Math Homework 01: PercentAttempts allowed: 1,96.5%,83 / 86,00:47:04,Results,https://www.classmarker.com/test/results/?test_id=2402625
"Math Homework 02: Ratio, In Terms OfAttempts allowed: 1",92.3%,48 / 52,00:48:38,Results,https://www.classmarker.com/test/results/?test_id=2406273
Math Homework 03: Exponents Radicals Absolute ValuesAttempts allowed: 1,91.8%,56 / 61,00:57:54,Results,https://www.classmarker.com/test/results/?test_id=2409231
"Math Homework 04: Matching Coefficient, Probability, Remainder TheoremAttempts allowed: 1",95.3%,41 / 43,00:21:39,Results,https://www.classmarker.com/test/results/?test_id=2412059
Math Homework 05: Mean Mode MedianAttempts allowed: 1,96.9%,31 / 32,00:35:12,Results,https://www.classmarker.com/test/results/?test_id=2414236
Math Homework 06: Work Smarter Not HarderAttempts allowed: 1,89.1%,41 / 46,00:46:20,Results,https://www.classmarker.com/test/results/?test_id=2417340
Math Homework 07: y = ax + bAttempts allowed: 1,89.7%,35 / 39,01:01:01,Results,https://www.classmarker.com/test/results/?test_id=2420302
Math Homework 08: Systems of Equations and InequalitiesAttempts allowed: 1,99%,103 / 104,01:16:31,Results,https://www.classmarker.com/test/results/?test_id=2422192
Math Homework 09: Word ProblemsAttempts allowed: 1,93.4%,85 / 91,01:24:06,Results,https://www.classmarker.com/test/results/?test_id=2428011
Math Homework 12: Geometry (1)Attempts allowed: 1,94.1%,80 / 85,01:31:52,Results,https://www.classmarker.com/test/results/?test_id=2430851
Math Lecture Note 01: PercentAttempts allowed: 1,85.3%,29 / 34,00:22:48,Results,https://www.classmarker.com/test/results/?test_id=2402627
Math Lecture Note 02: RatioAttempts allowed: 1,100%,24 / 24,00:17:35,Results,https://www.classmarker.com/test/results/?test_id=2402634
Math Lecture Note 03: Exponents Radicals Absolute ValuesAttempts allowed: 1,91.9%,34 / 37,00:37:05,Results,https://www.classmarker.com/test/results/?test_id=2406642
"Math Lecture Note 04: Matching Coefficient, Probability, Remainder TheoremAttempts allowed: 1",100%,32 / 32,00:16:24,Results,https://www.classmarker.com/test/results/?test_id=2406658
Math Lecture Note 05: Mean Mode MedianAttempts allowed: 1,93.9%,31 / 33,00:39:00,Results,https://www.classmarker.com/test/results/?test_id=2412485
Math Lecture Note 06: Work Smarter Not HarderAttempts allowed: 1,96.4%,27 / 28,00:51:44,Results,https://www.classmarker.com/test/results/?test_id=2412489
Math Lecture Note 07: Linear Function y = ax + bAttempts allowed: 1,93.3%,28 / 30,00:54:11,Results,https://www.classmarker.com/test/results/?test_id=2418224
Math Lecture Note 08: Systems of Equations and InequalitiesAttempts allowed: 1,93.2%,41 / 44,00:43:43,Results,https://www.classmarker.com/test/results/?test_id=2422108
Math Topical Review 14: Scatter Plot & SurveyAttempts allowed: 1,87.5%,28 / 32,00:43:19,Results,https://www.classmarker.com/test/results/?test_id=2449021
Octopus Grammar - Did music and human languageAttempts allowed: 1,96.7%,29 / 30,00:18:58,Results,https://www.classmarker.com/test/results/?test_id=2487259
Octopus Grammar - For decades there has beenAttempts allowed: 1,80%,24 / 30,00:20:00,Results,https://www.classmarker.com/test/results/?test_id=2487370
Octopus Grammar - Increase in the amount of carbonAttempts allowed: 1,80%,24 / 30,00:24:56,Results,https://www.classmarker.com/test/results/?test_id=2485042
Octopus Grammar - There are two especially influentialAttempts allowed: 1,80%,24 / 30,00:20:00,Results,https://www.classmarker.com/test/results/?test_id=2486575
Octopus Grammar Practice 2Attempts allowed: 1,91.7%,22 / 24,00:12:00,Results,https://www.classmarker.com/test/results/?test_id=2189643
Rhetorical Synthesis Practice 1Attempts allowed: 1,90%,18 / 20,00:17:24,Results,https://www.classmarker.com/test/results/?test_id=2465988
Rhetorical Synthesis Practice 12Attempts allowed: 1,90%,18 / 20,00:09:18,Results,https://www.classmarker.com/test/results/?test_id=2468279
Short Reading Practice 1Attempts allowed: 1,0%,0 / 6,00:10:00,Results,https://www.classmarker.com/test/results/?test_id=2214618
Short Reading Practice 2Attempts allowed: 1,40%,2 / 5,00:10:00,Results,https://www.classmarker.com/test/results/?test_id=2214631
Short Reading Practice 3Attempts allowed: 1,100%,6 / 6,00:07:31,Results,https://www.classmarker.com/test/results/?test_id=2214647
Short Reading Practice 4Attempts allowed: 1,50%,3 / 6,00:10:00,Results,https://www.classmarker.com/test/results/?test_id=2215296
Short Reading Practice 5Attempts allowed: 1,100%,3 / 3,00:07:52,Results,https://www.classmarker.com/test/results/?test_id=2215301
Topical Math Review May 2026 Test 2Attempts allowed: 1,81.8%,18 / 22,00:35:00,Results,https://www.classmarker.com/test/results/?test_id=2475260
Word in Context Practice 1Attempts allowed: 1,57.1%,4 / 7,00:08:00,Results,https://www.classmarker.com/test/results/?test_id=2131542
Word in Context Practice 10Attempts allowed: 1,66.7%,6 / 9,00:06:18,Results,https://www.classmarker.com/test/results/?test_id=2132458
Word in Context Practice 11Attempts allowed: 1,75%,6 / 8,00:06:15,Results,https://www.classmarker.com/test/results/?test_id=2134552
Word in Context Practice 12Attempts allowed: 1,71.4%,5 / 7,00:07:16,Results,https://www.classmarker.com/test/results/?test_id=2134702
Word in Context Practice 13Attempts allowed: 1,83.3%,5 / 6,00:03:32,Results,https://www.classmarker.com/test/results/?test_id=2134880
Word in Context Practice 14Attempts allowed: 1,66.7%,6 / 9,00:06:31,Results,https://www.classmarker.com/test/results/?test_id=2134897
Word in Context Practice 15Attempts allowed: 1,80%,4 / 5,00:03:40,Results,https://www.classmarker.com/test/results/?test_id=2134978
Word in Context Practice 16Attempts allowed: 1,77.8%,7 / 9,00:06:36,Results,https://www.classmarker.com/test/results/?test_id=2139029
Word in Context Practice 2Attempts allowed: 1,85.7%,6 / 7,00:08:00,Results,https://www.classmarker.com/test/results/?test_id=2131544
Word in Context Practice 3Attempts allowed: 1,87.5%,7 / 8,00:06:46,Results,https://www.classmarker.com/test/results/?test_id=2131546
Word in Context Practice 4Attempts allowed: 1,50%,4 / 8,00:07:59,Results,https://www.classmarker.com/test/results/?test_id=2131566
Word in Context Practice 5Attempts allowed: 1,77.8%,7 / 9,00:07:58,Results,https://www.classmarker.com/test/results/?test_id=2131616
Word in Context Practice 6Attempts allowed: 1,75%,6 / 8,00:07:36,Results,https://www.classmarker.com/test/results/?test_id=2132262
Word in Context Practice 7Attempts allowed: 1,42.9%,3 / 7,00:07:29,Results,https://www.classmarker.com/test/results/?test_id=2132263
Word in Context Practice 8Attempts allowed: 1,100%,8 / 8,00:08:00,Results,https://www.classmarker.com/test/results/?test_id=2132264
Word in Context Practice 9Attempts allowed: 1,85.7%,6 / 7,00:04:14,Results,https://www.classmarker.com/test/results/?test_id=2132443
